component,explained_variance_ratio,low_cluster,low_value,high_cluster,high_value,gap
PC1,0.04447313090089305,3,-0.30009858348176605,19,0.38691787863056193,0.687016462112328
PC2,0.035410802168086224,18,-0.2773679980894078,9,0.4030946158199039,0.6804626139093117
PC3,0.034722377547893174,1,-0.2368514885063577,15,0.392744204233798,0.6295956927401557
PC4,0.03330131311943337,4,-0.21944910790468108,6,0.3417416203065222,0.5611907282112033
