component,explained_variance_ratio,low_cluster,low_value,high_cluster,high_value,gap
PC1,0.044473130900893165,3,-0.3000985834817657,19,0.38691787863056215,0.6870164621123278
PC2,0.03541080216808617,18,-0.27736799808946483,9,0.4030946158198941,0.6804626139093589
PC3,0.03472237754789315,1,-0.23685148850638083,15,0.39274420423378864,0.6295956927401695
PC4,0.03330131311943334,4,-0.21944910790468777,6,0.3417416203065223,0.5611907282112101
