component,eigenvalue,explained_variance_ratio
PC1,0.086544,0.283207
PC2,0.086797,0.284033
PC3,0.069141,0.226256
PC4,0.063105,0.206504
