component,explained_variance_ratio
PC1,0.044473130900893165
PC2,0.03541080216808617
