component,explained_variance_ratio
PC1,0.04447313090089305
PC2,0.035410802168086224
