component,explained_variance_ratio,low_cluster,low_value,high_cluster,high_value,gap
PC1,0.040233939377740106,8,-0.3072006781268579,6,0.3605598310741763,0.6677605092010341
PC2,0.035184966477302196,16,-0.24817211186615232,23,0.37203912083670576,0.620211232702858
PC3,0.03232698247798786,6,-0.2016640387442563,16,0.3188979424473757,0.520561981191632
PC4,0.03169540832133256,1,-0.14294303720701557,18,0.35091859283183235,0.4938616300388479
