component,explained_variance_ratio,low_cluster,low_value,high_cluster,high_value,gap
PC1,0.04023393937774009,8,-0.307200678126858,6,0.3605598310741763,0.6677605092010342
PC2,0.03518496647730219,16,-0.24817211186615232,23,0.3720391208367058,0.6202112327028582
PC3,0.03232698247798785,6,-0.20166403874425634,16,0.3188979424473757,0.520561981191632
PC4,0.03169540832133255,1,-0.14294303720701554,18,0.35091859283183235,0.49386163003884787
