component,explained_variance_ratio
PC1,0.040233939377740106
PC2,0.035184966477302196
