component,eigenvalue,explained_variance_ratio
PC1,0.085352,0.278307
PC2,0.085278,0.278067
PC3,0.072179,0.235355
PC4,0.063873,0.208271
