component,explained_variance_ratio
PC1,0.04023393937774009
PC2,0.03518496647730219
