component,explained_variance_ratio,low_cluster,low_value,high_cluster,high_value,gap
PC1,0.04118324136913537,21,-0.30859793341479363,1,0.3561101502355495,0.6647080836503432
PC2,0.03574860412859799,11,-0.3699383389304388,20,0.3308909599649278,0.7008292988953666
PC3,0.03417935813720998,22,-0.28720654943724483,4,0.31816241095174924,0.605368960388994
PC4,0.0328898102858046,17,-0.26837945074187486,2,0.2817926338227418,0.5501720845646166
