component,explained_variance_ratio,low_cluster,low_value,high_cluster,high_value,gap
PC1,0.04118324136913541,21,-0.30859793341479413,1,0.35611015023555015,0.6647080836503443
PC2,0.03574860412859804,11,-0.36993833893043354,20,0.33089095996489915,0.7008292988953326
PC3,0.03417935813721,22,-0.28720654943726104,4,0.3181624109517261,0.6053689603889871
PC4,0.03288981028580455,17,-0.26837945074187625,2,0.2817926338227439,0.5501720845646201
