component,explained_variance_ratio
PC1,0.04118324136913537
PC2,0.03574860412859799
