component,eigenvalue,explained_variance_ratio
PC1,0.086837,0.291027
PC2,0.078149,0.261912
PC3,0.070793,0.237257
PC4,0.062601,0.209803
