component,explained_variance_ratio,low_cluster,low_value,high_cluster,high_value,gap
PC1,0.04187121707058042,14,-0.350320660901962,1,0.32773762410859447,0.6780582850105565
PC2,0.03472248913767839,12,-0.16728285402231166,21,0.4025118986169125,0.5697947526392242
PC3,0.033379817983954556,3,-0.2338633551938386,9,0.3526106661322151,0.5864740213260538
PC4,0.029694068026445447,9,-0.18922556831510273,4,0.2602093378212939,0.44943490613639664
