component,explained_variance_ratio,low_cluster,low_value,high_cluster,high_value,gap
PC1,0.04187121707058042,14,-0.3503206609019619,1,0.32773762410859447,0.6780582850105563
PC2,0.03472248913767839,12,-0.1672828540223117,21,0.4025118986169126,0.5697947526392243
PC3,0.033379817983954556,3,-0.2338633551938386,9,0.35261066613221514,0.5864740213260538
PC4,0.029694068026445447,9,-0.18922556831510268,4,0.2602093378212939,0.4494349061363966
