component,explained_variance_ratio
PC1,0.04187121707058042
PC2,0.03472248913767839
