component,eigenvalue,explained_variance_ratio
PC1,0.081009,0.269511
PC2,0.079841,0.265626
PC3,0.074709,0.248551
PC4,0.065019,0.216312
