component,explained_variance_ratio,low_cluster,low_value,high_cluster,high_value,gap
PC1,0.03875982958521192,13,-0.22391086550600994,5,0.40808501059459834,0.6319958761006083
PC2,0.03508753946595368,9,-0.2509715617652908,21,0.3853581104110834,0.6363296721763743
PC3,0.0328595694639226,7,-0.17547224977923734,15,0.3201132786512111,0.49558552843044845
PC4,0.030611595473388993,19,-0.2913424788287317,11,0.29955912940046336,0.5909016082291951
