component,explained_variance_ratio,low_cluster,low_value,high_cluster,high_value,gap
PC1,0.03875982958521195,13,-0.22391086550600958,5,0.40808501059459823,0.6319958761006078
PC2,0.03508753946595357,9,-0.250971561765295,21,0.3853581104110814,0.6363296721763765
PC3,0.032859569463922655,7,-0.17547224977924145,15,0.3201132786512079,0.49558552843044934
PC4,0.030611595473389038,19,-0.2913424788287347,11,0.2995591294004619,0.5909016082291967
