component,explained_variance_ratio
PC1,0.03875982958521195
PC2,0.03508753946595357
