component,eigenvalue,explained_variance_ratio
PC1,0.081861,0.288266
PC2,0.072384,0.254893
PC3,0.067038,0.236068
PC4,0.062694,0.220773
